date,impression,clicks,spend,attributed revenue,ctr,cpc,roas,# of orders,# of new orders,new customers,total revenue,gross profit,COGS,avg_order_value,new_customer_ratio,gross_margin,marketing_efficiency,customer_acquisition_cost,week
2025-05-16,4941478,125323,40107.26,110281.84999999999,2.536144044352722,0.32003111958698727,2.749673001845551,2452,987,989,238010.95,124434.71,113576.24,97.06808727569332,0.4033442088091354,52.28108622733534,2.749673001845551,40.55334681496461,20
2025-05-17,5045054,124233,41682.96,114401.63,2.462471164827968,0.33552244572698076,2.744565884956347,2173,772,761,224086.4,126119.02,97967.38,103.12305568338702,0.35020708697653014,56.281425378782465,2.744565884956347,54.77392904073587,20
2025-05-18,5257187,125364,42959.17,123677.58,2.384621281305002,0.34267548897610156,2.8789564602854294,2749,1275,1192,226582.57,128282.08,98300.49,82.423634048745,0.4336122226264096,56.61604067779794,2.8789564602854294,36.03957214765101,20
2025-05-19,4768188,115391,39938.04,111469.36,2.420017834867249,0.3461105285507535,2.7910573478317913,2060,1012,960,203540.86,100212.05,103328.81,98.8062427184466,0.46601941747572817,49.23436503117851,2.7910573478317913,41.602125,21
2025-05-20,4811244,109106,33217.76,92178.22,2.267729510288815,0.30445401719428816,2.7749679689419153,1791,910,908,188081.24,115962.11,72119.13,105.01465103294248,0.5069793411501954,61.655330430616054,2.7749679689419153,36.58343612334802,21
2025-05-21,5187524,122433,42801.14,118069.09,2.3601432976502856,0.3495882646018639,2.7585501227303757,2874,934,872,251286.55,123962.87,127323.68,87.43442936673625,0.3034098816979819,49.33127937010556,2.7585501227303757,49.08387614678899,21
2025-05-22,5060508,120066,35114.58,98498.49,2.372607651247661,0.2924606466443456,2.805059607718503,1704,848,842,186182.97,99768.23,86414.74,109.26230633802817,0.49413145539906106,53.586120148368025,2.805059607718503,41.70377672209026,21
2025-05-23,4776312,118195,38269.09,107060.0,2.474608023931435,0.3237792630821946,2.7975580292084294,2745,1268,1177,243080.55,130791.92,112288.63,88.5539344262295,0.4287795992714025,53.80599969845387,2.7975580292084294,32.51409515717927,21
2025-05-24,5464877,130748,47081.29,127327.49,2.3925149641977304,0.3600918560895769,2.7044180395227064,3096,1097,1060,282268.06,174043.94,108224.12,91.17185400516796,0.3423772609819121,61.65909809278457,2.7044180395227064,44.416311320754716,21
2025-05-25,4742807,111296,38483.8,105963.92,2.3466272188600548,0.34577882403680277,2.753468212598548,2254,1023,1041,227809.53,114404.11,113405.42,101.06900177462289,0.4618456078083407,50.2191940784918,2.753468212598548,36.968107588856874,21
2025-05-26,4961328,127562,41851.42,115612.25,2.571126117845867,0.3280868910804158,2.762445097442333,3820,1330,1271,270095.08,159451.57,110643.51,70.70551832460734,0.33272251308900525,59.03534784861686,2.762445097442333,32.92794649881983,22
2025-05-27,4825667,120965,37522.38,104488.72,2.5067001100573245,0.3101920390195511,2.7847039553461164,2138,1122,1142,208047.23,113217.2,94830.03,97.30927502338635,0.5341440598690365,54.418989380440195,2.7847039553461164,32.85672504378284,22
2025-05-28,5509301,128889,46185.43,126413.23,2.339480090123956,0.35833492384920357,2.7370802870082622,2895,1326,1271,285303.34,142558.79,142744.55,98.55037651122626,0.4390328151986183,49.967445176071195,2.7370802870082622,36.33786782061369,22
2025-05-29,5533635,137919,44560.4,129619.02,2.492376168648637,0.3230910896975761,2.908838789597939,3396,1580,1463,280842.28,166797.62,114044.66,82.69796230859836,0.43080094228504123,59.391919193933326,2.908838789597939,30.458236500341766,22
2025-05-30,5296175,128734,46977.39,129427.02,2.4306976261169617,0.3649182811067783,2.7550917579712286,3695,1364,1272,262078.97,152352.5,109726.47,70.92800270635995,0.3442489851150203,58.13228737887668,2.7550917579712286,36.93191037735849,22
2025-05-31,5520102,143852,44786.52,125403.53,2.605966339027793,0.31133748574924225,2.8000284460592164,2839,1143,1124,311053.4,191986.06,119067.34,109.56442409299049,0.39591405424445225,61.72125429267129,2.8000284460592164,39.84565836298932,22
2025-06-01,5737046,161051,45391.46,133620.71,2.8072112372813462,0.2818452539878672,2.9437411795082156,2571,1279,1226,255879.74,135261.16,120618.58,99.52537534033449,0.4768572539867756,52.86122301046577,2.9437411795082156,37.02402936378466,22
2025-06-02,5906207,152984,46107.8,129337.68000000001,2.5902241489334865,0.30138968781049,2.805114969701439,3118,1242,1205,307232.77,148210.99,159021.78,98.53520525978192,0.3864656831302117,48.24061899386579,2.805114969701439,38.263734439834025,23
2025-06-03,5892508,147992,51232.64,144685.59,2.51152819817979,0.3461851991999568,2.82409007226643,3281,1413,1428,347768.64,210208.71,137559.93,105.99470893020421,0.43523316062176165,60.4449872190891,2.82409007226643,35.87719887955182,23
2025-06-04,6063830,153442,46824.97,133194.72,2.530446928756248,0.3051639707511633,2.8445233387229076,3178,1486,1395,326038.67,187910.1,138128.57,102.59240717432347,0.43895531780994335,57.63429841006283,2.8445233387229076,33.56628673835125,23
2025-06-05,5521931,136914,47383.54,133231.43,2.479458725579874,0.34608250434579374,2.811766068976695,3256,1347,1363,264534.4,140613.06,123921.34,81.24520884520885,0.4186117936117936,53.15492427449888,2.811766068976695,34.76415260454879,23
2025-06-06,5959322,144218,51800.26,142756.3,2.420040400569058,0.3591802687597942,2.755899294713964,2941,1080,1016,294622.51,150806.04,143816.47,100.1776640598436,0.3454607276436586,51.18619076322444,2.755899294713964,50.98450787401575,23
2025-06-07,5855818,140995,44771.76,126252.86,2.4077763345787044,0.3175414731018831,2.8199217542486603,3588,1642,1592,312361.94,183159.55,129202.39,87.05739687848383,0.443701226309922,58.636961340424506,2.8199217542486603,28.122964824120604,23
2025-06-08,6483046,167451,46518.229999999996,131145.87,2.5829062449965647,0.27780204358289884,2.819236028541929,2351,1166,1108,238539.55,123202.23,115337.32,101.46301573798384,0.4712888132709485,51.64855471555975,2.819236028541929,41.983962093862814,23
2025-06-09,6174413,156159,52683.01,153335.69,2.5291311093054514,0.33736774697583877,2.910533965314434,4688,1446,1416,332386.4,164252.25,168134.15,70.90153583617747,0.30204778156996587,49.41605613226052,2.910533965314434,37.20551553672316,24
2025-06-10,5054334,118254,40869.31,115935.61,2.3396554323477634,0.3456061528574086,2.8367400868769255,2844,1560,1491,279947.9,138358.0,141589.9,98.43456399437413,0.5242616033755274,49.42276759354151,2.8367400868769255,27.410670690811536,24
2025-06-11,6600955,179991,51503.31,145203.24,2.726741812358969,0.2861438071903595,2.8192991867901305,2503,1115,1066,266579.13,134311.89,132267.24,106.50384738314024,0.42588893328006394,50.38349776293442,2.8192991867901305,48.314549718574106,24
2025-06-12,5454298,136742,44810.19,127995.17,2.5070504031866245,0.3276988050489243,2.8563853444941874,3226,1409,1434,245632.45,122339.86,123292.59,76.14149101053937,0.444513329200248,49.806065933063806,2.8563853444941874,31.248389121338914,24
2025-06-13,5958240,150001,50481.6,140559.42,2.5175387362711135,0.33654175638829076,2.7843693543786254,3794,1442,1439,280759.18,173768.89,106990.29,74.00083816552451,0.37928307854507115,61.89250517115772,2.7843693543786254,35.081028492008336,24
2025-06-14,5658213,140766,46089.96,129725.87,2.4878172666882636,0.3274225310089084,2.8146231847456584,2849,1407,1366,254952.68,125791.92,129160.76,89.48848016848017,0.47946647946647947,49.33932053587356,2.8146231847456584,33.74081991215227,24
2025-06-15,5304439,129492,44597.090000000004,123330.65,2.441200662313206,0.3444003490563124,2.765441646528955,3837,1909,1940,273449.33,154000.52,119448.81,71.26643992702633,0.5056033359395361,56.31775364013508,2.765441646528955,22.988190721649488,24
2025-06-16,5136382,125362,41906.340000000004,113528.2,2.440667380268835,0.3342826374818526,2.709093659813765,3112,1406,1413,246546.12,146123.4,100422.72,79.22433161953727,0.45404884318766064,59.26818073632633,2.709093659813765,29.657707006369428,25
2025-06-17,5115587,125150,42395.16,120350.14,2.446444562471521,0.33875477427087497,2.8387707464720027,2754,828,796,268478.64,155613.89,112864.75,97.48679738562092,0.28903413217138707,57.9613670569845,2.8387707464720027,53.260251256281414,25
2025-06-18,5030125,129390,39650.9,110958.48,2.572301881165975,0.30644485663497956,2.798384904251858,2350,948,933,205892.84,111708.52,94184.32,87.6139744680851,0.39702127659574465,54.25566037167684,2.798384904251858,42.498285101822084,25
2025-06-19,4818069,132402,38218.23,107499.77,2.7480303831265185,0.28865296596728146,2.8127877716995267,3329,1745,1642,252292.39,135610.52,116681.87,75.78623911084411,0.49324121357765094,53.75133193672627,2.8127877716995267,23.275414129110843,25
2025-06-20,4662334,116103,38111.87,104290.82,2.490233432439632,0.32825913197764056,2.7364393297941034,2352,1050,1029,238838.78,140053.87,98784.91,101.54710034013605,0.4375,58.63950150808842,2.7364393297941034,37.037774538386785,25
2025-06-21,4428131,110337,38409.59,102301.97,2.491728451574716,0.3481116035418762,2.663448633531366,2642,1314,1325,193739.26,101995.71,91743.55,73.33052990158971,0.5015140045420137,52.64586537596975,2.663448633531366,28.98836981132075,25
2025-06-22,5149710,136497,39586.29,108390.48,2.650576440226731,0.2900158245236159,2.738081290264887,2629,1324,1237,204623.63,110598.24,94025.39,77.83325599087105,0.4705211106884747,54.04959339251288,2.738081290264887,32.00185125303153,25
2025-06-23,4948755,112332,41134.66,111997.54000000001,2.269904248644356,0.3661882633621764,2.722704891689879,2678,1088,1013,224725.49,124066.35,100659.14,83.91541822255414,0.3782673637042569,55.207956160202386,2.722704891689879,40.606771964462,26
2025-06-24,4765472,114052,37588.0,103868.41,2.39329913175442,0.32956896854066564,2.7633396296690433,2789,1036,1008,223036.6,118532.52,104504.08,79.97009680889208,0.3614198637504482,53.144873980324306,2.7633396296690433,37.28968253968254,26
2025-06-25,4803422,127935,38266.69,111703.35,2.6634137079773543,0.29911040762887403,2.9190753106683647,2076,1068,1022,226634.34,120591.38,106042.96,109.16875722543352,0.49229287090558765,53.209668049422696,2.9190753106683647,37.442945205479454,26
2025-06-26,4818536,124204,39016.98,109786.13,2.577629387847263,0.31413625970178094,2.813803887435675,3659,1354,1292,258581.26,130668.26,127913.0,70.66992620934681,0.35310194042088,50.532764826035724,2.813803887435675,30.198900928792572,26
2025-06-27,4368446,105238,36252.9,97141.06,2.4090488929015033,0.34448488188677096,2.6795390161890493,2453,751,711,184223.58,108267.23,75956.35,75.10133713819812,0.28984916428862617,58.76947456997633,2.6795390161890493,50.98860759493671,26
2025-06-28,5683224,137236,45059.86,132992.65,2.4147561313789496,0.3283384826138914,2.951466116406043,3930,1849,1846,307475.24,149606.21,157869.03,78.23797455470738,0.46972010178117046,48.656343840889434,2.951466116406043,24.409458288190685,26
2025-06-29,5349406,129709,42239.76,120976.01000000001,2.424736503454776,0.325650186186001,2.8640316611647414,2434,939,935,262293.26,154577.22,107716.04,107.7622267871816,0.3841413311421528,58.93297448817404,2.8640316611647414,45.17621390374332,26
2025-06-30,5234075,121407,46959.11,133679.98,2.319550254820575,0.3867907945999819,2.8467315500655785,3922,1709,1645,294637.56,153617.64,141019.92,75.1243141254462,0.41942886282508923,52.13783334344746,2.8467315500655785,28.54657142857143,27
2025-07-01,5137096,128815,42098.21,120365.99,2.5075451188765014,0.3268113961883321,2.8591712094172177,2691,1280,1253,260678.58,151234.85,109443.73,96.87052396878484,0.46562616127833517,58.01583313826553,2.8591712094172177,33.59793296089386,27
2025-07-02,5798032,139617,41694.88,117814.48,2.4080067167618253,0.29863755846351087,2.8256342265525167,2185,1010,936,221373.06,110298.83,111074.23,101.31490160183067,0.4283752860411899,49.8248657718333,2.8256342265525167,44.545811965811964,27
2025-07-03,5454764,132034,44573.31,122284.68,2.4205263509108734,0.33758963600284775,2.7434507331853974,2425,1294,1301,245773.9,143543.71,102230.19,101.3500618556701,0.5364948453608247,58.40478179334746,2.7434507331853974,34.26080707148347,27
2025-07-04,5343446,126320,46890.12,129519.35,2.3640175272661126,0.371201076630779,2.7621884951456726,2863,1528,1508,309074.55,157364.9,151709.65,107.95478519035976,0.5267202235417394,50.91486827368996,2.7621884951456726,31.09424403183024,27
2025-07-05,5843405,147184,46364.77,129534.85,2.518805388296721,0.31501229753234045,2.7938206099156755,2401,1308,1281,255166.55,156650.22,98516.33,106.27511453561016,0.5335276967930029,61.39136183798386,2.7938206099156755,36.19419984387197,27
2025-07-06,5923070,130079,48769.05,133244.91,2.19614152795763,0.3749187032495637,2.73216127851578,2325,1037,992,250387.78,131988.5,118399.28,107.6936688172043,0.4266666666666667,52.71363482674754,2.73216127851578,49.16234879032258,27
2025-07-07,6844957,179869,52654.84,148679.95,2.627759385486278,0.29273993851080504,2.8236711003205026,3157,1067,1055,281358.54,144783.74,136574.8,89.12212226797593,0.33417801710484635,51.45880412942149,2.8236711003205026,49.909800947867296,28
2025-07-08,5750439,136061,48011.62,135124.98,2.366097614460392,0.3528683458154798,2.81442242523789,4059,1859,1828,309158.9,162124.63,147034.27,76.16627248090663,0.4503572308450357,52.440550797664244,2.81442242523789,26.264562363238515,28
2025-07-09,6578953,169286,55520.98,157092.21,2.573144997387882,0.327971480216911,2.8294206982657726,3405,1603,1558,309767.38,166259.78,143507.6,90.97426725403818,0.45756240822320116,53.67246221987608,2.8294206982657726,35.63605905006418,28
2025-07-10,5721272,133139,46183.35,133274.4,2.327087402941164,0.3468807036255342,2.8857672732705617,3201,1142,1059,308905.09,154759.0,154146.09,96.50268353639488,0.33083411433926896,50.09920684699627,2.8857672732705617,43.61033994334277,28
2025-07-11,5468322,134973,46163.16,128493.53,2.4682708882176287,0.3420177368807095,2.783464780140701,2721,1117,1096,287198.02,172144.23,115053.79,105.5487026828372,0.4027930907754502,59.939211976461394,2.783464780140701,42.119671532846716,28
2025-07-12,5523738,130769,45368.22,119856.46,2.3674004813407152,0.3469340592953988,2.641859433762224,2422,807,796,244765.7,125622.42,119143.28,101.05933113129646,0.32865400495458297,51.32353920504384,2.641859433762224,56.995251256281406,28
2025-07-13,5439869,130017,44672.29,124739.91,2.390075937490406,0.34358806925248236,2.792333010015829,2375,963,934,253761.23,131128.09,122633.14,106.84683368421054,0.3932631578947368,51.673807697101715,2.792333010015829,47.82900428265525,28
2025-07-14,5268192,138769,46806.56,134586.38,2.6340915441198804,0.3372983879684944,2.875374306507464,2387,852,868,258456.91,137153.92,121302.99,108.2768789275241,0.36363636363636365,53.06645506208366,2.875374306507464,53.92460829493087,29
2025-07-15,4787500,123673,42026.63,114042.28,2.5832480417754566,0.33982057522660564,2.7135718471835597,2597,1428,1354,222248.63,110293.62,111955.01,85.57898729303042,0.5213708124759338,49.62623166675988,2.7135718471835597,31.038870014771046,29
2025-07-16,5163357,128745,45814.35,131800.2,2.493435956491097,0.3558534312012117,2.876832258888318,3996,1865,1772,318631.49,168834.07,149797.42,79.73761011011011,0.44344344344344344,52.987251824984405,2.876832258888318,25.854599322799096,29
2025-07-17,5421327,136675,37734.46,109804.5,2.521061725293457,0.2760889701847448,2.9099263643894733,2645,892,871,210274.48,122505.97,87768.51,79.49885822306238,0.32930056710775046,58.26002756016803,2.9099263643894733,43.32314580941446,29
2025-07-18,4653041,110819,39277.59,110422.02,2.381646755315502,0.3544301067506474,2.811323709015752,2451,1336,1345,234358.56,122684.32,111674.24,95.61752753977969,0.5487556099551204,52.34898183364841,2.811323709015752,29.20266914498141,29
2025-07-19,4712936,107999,34412.770000000004,96351.8,2.291543954766201,0.31863970962694105,2.799885042674565,2282,772,786,208348.08,116790.05,91558.03,91.30064855390007,0.3444347063978966,56.05525618474623,2.799885042674565,43.782150127226465,29
2025-07-20,4725707,122395,36604.55,108269.91,2.5899828321984413,0.2990689979165816,2.9578265543491176,3558,1611,1643,269928.31,160649.81,109278.5,75.86517987633502,0.4617762788083193,59.51573215866094,2.9578265543491176,22.27909312233719,29
2025-07-21,5217763,131704,43222.36,119393.42,2.5241468422387143,0.32817803559497055,2.762306824523233,2838,1160,1106,267155.65,148102.94,119052.71,94.13518322762509,0.38971106412966877,55.4369484605697,2.762306824523233,39.07989150090416,30
2025-07-22,4599785,108525,37818.79,105793.9,2.359349404374335,0.3484799815710666,2.7973898688985024,3003,1322,1276,214550.99,116024.2,98526.79,71.44555111555111,0.4249084249084249,54.07768102118755,2.7973898688985024,29.63855015673981,30
2025-07-23,5473688,128139,48960.28,136065.63,2.34099934084661,0.3820872646110864,2.7791023662446377,3858,1748,1741,284255.03,150056.99,134198.04,73.67937532400208,0.451270088128564,52.78956365345583,2.7791023662446377,28.12192992533027,30
2025-07-24,4479982,114802,33869.28,93980.56,2.562554938836808,0.29502343164753225,2.774802416821379,2103,696,709,214993.51,113319.63,101673.88,102.23181645268664,0.33713742272943414,52.70839570924723,2.774802416821379,47.77049365303244,30
2025-07-25,4743457,106884,41372.9,117629.63,2.253293325943505,0.3870822574005464,2.843156510662777,2797,1123,1076,291251.97,174849.58,116402.39,104.13012870933142,0.38469789059706827,60.033784492513476,2.843156510662777,38.45065055762082,30
2025-07-26,5260661,132694,42468.380000000005,120721.81,2.5223826435499266,0.32004747765535746,2.8426280917708655,2812,946,945,280697.62,148965.29,131732.33,99.82134423897581,0.3360597439544808,53.069666212346235,2.8426280917708655,44.940084656084665,30
2025-07-27,5337058,137293,43980.13,122829.69,2.5724472171747057,0.3203377448231155,2.792845087088192,2377,815,799,224499.08,117565.4,106933.68,94.446394615061,0.33613798906184267,52.36787607325607,2.792845087088192,55.04396745932415,30
2025-07-28,4950496,125065,37630.299999999996,111763.04000000001,2.526312514947997,0.30088593931155794,2.970027876471886,2561,1095,1045,204053.06,108272.37,95780.69,79.67710269426006,0.4080437329168294,53.060890142985365,2.970027876471886,36.00985645933014,31
2025-07-29,5572661,143663,44248.48,123557.70999999999,2.57799640064235,0.3080019211627211,2.7923605511420955,3260,1035,993,254314.45,147428.24,106886.21,78.01056748466257,0.30460122699386505,57.97084672145054,2.7923605511420955,44.56040281973817,31
2025-07-30,6289462,155362,50580.5,140742.41,2.470195383961299,0.32556545358581895,2.782542877195757,4266,1440,1451,343570.79,201524.77,142046.02,80.5369878105954,0.3401312705110173,58.65596723167299,2.782542877195757,34.85906271536871,31
2025-07-31,5313220,131007,43382.520000000004,123164.0,2.465679945494446,0.33114657995374297,2.839023643624206,3160,1347,1291,238995.46,141694.68,97300.78,75.6314746835443,0.40854430379746837,59.28760320384329,2.839023643624206,33.60381099922541,31
2025-08-01,5827967,153547,44198.22,126729.39,2.634658020541297,0.28784815072909276,2.867296239531818,2938,1401,1301,239297.93,120148.75,119149.18,81.44926140231449,0.44281824370319944,50.208854710945474,2.867296239531818,33.97249807840123,31
2025-08-02,5496180,124568,47389.65,132509.73,2.266446877649568,0.3804319728983367,2.796174481136704,3018,1570,1543,258875.51,148809.85,110065.66,85.77717362491717,0.5112657388999338,57.48317019249909,2.796174481136704,30.712670123136746,31
2025-08-03,6169052,154673,49213.37,138192.69,2.5072409828933195,0.318176863447402,2.808031435359944,3702,1620,1554,340964.16,199409.58,141554.58,92.1026904376013,0.419773095623987,58.484029523806846,2.808031435359944,31.668835263835266,31
2025-08-04,5464914,131328,47178.85,131148.47,2.403111924542637,0.3592444109405458,2.7798148958696536,2677,950,898,247384.79,144893.62,102491.17,92.41120283899889,0.33545013074336943,58.5701408724441,2.7798148958696536,52.537694877505565,32
2025-08-05,6066173,142751,47286.14,131833.02,2.3532299523933786,0.33124909807987335,2.787984386122445,2524,1232,1145,255349.35,151364.66,103984.69,101.16852218700475,0.45364500792393025,59.277480048412116,2.787984386122445,41.29793886462882,32
2025-08-06,5506914,146594,43043.71,121984.06,2.6619990797023525,0.2936253189080044,2.833957853540041,3054,1333,1240,286964.59,156208.01,130756.58,93.96351997380485,0.4060248853962017,54.43459417763007,2.833957853540041,34.71266935483871,32
2025-08-07,6080287,159528,46013.44,130876.01,2.623691940857397,0.2884348829045685,2.844299622023478,3816,1271,1250,290615.11,166892.32,123722.79,76.15699947589098,0.3275681341719078,57.427268664729795,2.844299622023478,36.810752,32
2025-08-08,6199975,166488,47181.28,134543.54,2.6853011504078648,0.2833914756619096,2.8516297141578186,3322,1342,1305,300068.84,182338.19,117730.65,90.32776640577966,0.392835641180012,60.76545302071351,2.8516297141578186,36.15423754789272,32
2025-08-09,6485327,169230,48407.82,137553.7,2.609428946296771,0.28604750930686046,2.841559483571043,3296,1789,1796,299669.71,178918.65,120751.06,90.91920813106796,0.5449029126213593,59.70528352698709,2.841559483571043,26.953129175946547,32
2025-08-10,6304919,155867,47270.89,134421.38,2.4721491267373934,0.3032770888000667,2.8436397114587857,3153,1588,1507,306997.73,169616.47,137381.26,97.3668664763717,0.4779575007928957,55.25007302171257,2.8436397114587857,31.367544790975447,32
2025-08-11,5828279,142515,48350.47,135116.61,2.445232975291677,0.3392658316668421,2.794525265214588,2309,1072,1019,252722.59,153870.3,98852.29,109.45110004330878,0.44131658726721523,60.88505978037024,2.794525265214588,47.4489401373896,33
2025-08-12,5348946,139808,41314.55,114233.93000000001,2.613748577757188,0.29550919832913713,2.764980618208355,2954,1318,1313,285009.86,143614.18,141395.68,96.48268788083953,0.44448205822613407,50.389197061463065,2.764980618208355,31.46576542269612,33
2025-08-13,5524574,139114,42955.48,117976.48,2.518094607837636,0.3087789870178415,2.7464826373724605,2900,1238,1232,244095.73,145083.84,99011.89,84.17094137931035,0.42482758620689653,59.43727077896855,2.7464826373724605,34.86646103896104,33
2025-08-14,5016405,124727,36275.32,99789.48,2.4863821800671997,0.2908377496452252,2.7508917908925405,2557,1363,1288,246950.21,121768.63,125181.58,96.57810324599139,0.5037152913570591,49.30898013814202,2.7508917908925405,28.164068322981365,33
2025-08-15,4986096,113511,35695.15,95045.56999999999,2.2765506319974587,0.31446423694619907,2.662702636072407,2017,894,859,204220.75,99324.09,104896.66,101.24975210708973,0.4258800198314328,48.63565039301834,2.662702636072407,41.55430733410943,33
2025-08-16,5855324,144783,48459.13,138277.3,2.4726727333961365,0.33470179510025344,2.8534829246831297,3486,1371,1304,287374.16,174824.52,112549.64,82.4366494549627,0.37406769936890416,60.83515650815647,2.8534829246831297,37.16190950920245,33
2025-08-17,5729713,145929,49239.29,142903.85,2.5468814930171892,0.3374194985232545,2.902232140227855,3046,1172,1097,260207.76,157620.15,102587.61,85.42605384110308,0.3601444517399869,60.574730745923944,2.902232140227855,44.885405651777575,33
2025-08-18,4813997,118048,36802.81,102102.05,2.452182666503531,0.3117614021415017,2.7743003863020244,2303,1243,1156,206556.83,121671.75,84885.08,89.69033000434216,0.5019539730785931,58.90473338499628,2.7743003863020244,31.836340830449824,34
2025-08-19,4681484,111335,37654.91,111038.18000000001,2.378198878817059,0.33821269142677507,2.948836685574338,2358,745,750,241960.59,144644.5,97316.09,102.61263358778626,0.31806615776081426,59.78018982347497,2.948836685574338,50.20654666666667,34
2025-08-20,4760061,108983,39890.51,112824.62,2.289529482920492,0.36602506812989183,2.8283574213515945,3105,1069,1015,238645.09,127445.31,111199.78,76.85832206119163,0.32689210950080516,53.403700868096635,2.8283574213515945,39.30099507389163,34
2025-08-21,4756179,115799,37202.99,104641.65,2.4347065154612557,0.32127211806664996,2.8127215043737075,2530,1303,1329,205032.67,102612.53,102420.14,81.04058102766798,0.525296442687747,50.04691691328996,2.8127215043737075,27.993220466516178,34
2025-08-22,4860178,122200,36421.65,107620.64,2.5143112042398448,0.2980495090016367,2.9548535005964855,2168,668,645,215178.34,113944.49,101233.85,99.25200184501846,0.2975092250922509,52.95351288610183,2.9548535005964855,56.46767441860465,34
2025-08-23,5296938,130901,47025.4,134260.34,2.4712579229736122,0.35924400883110136,2.8550600313872927,3550,1568,1548,320310.11,188007.73,132302.38,90.2282,0.436056338028169,58.695534149702624,2.8550600313872927,30.378165374677003,34
2025-08-24,5459710,141626,45731.2,126270.98,2.5940205615316567,0.32290116221597726,2.7611560597578895,2523,1256,1178,258953.2,128419.08,130534.12,102.63701942132383,0.46690447879508523,49.5916173269919,2.7611560597578895,38.821052631578944,34
2025-08-25,4900527,130086,40112.1,113912.12,2.6545308290312453,0.3083506295835063,2.839844336247666,3242,1491,1514,268195.98,149466.13,118729.85,82.72547193090683,0.46699568167797656,55.73019028845996,2.839844336247666,26.494121532364595,35
2025-08-26,5428621,140760,44026.42,122480.91,2.5929236909336644,0.3127764990053992,2.78198658896181,3386,1325,1290,295071.75,179926.24,115145.51,87.14463969285292,0.3809805079740106,60.97711488815855,2.78198658896181,34.12900775193798,35
2025-08-27,4913508,119075,39037.91,110999.41,2.423421311209832,0.32784304010077686,2.8433748118175384,2601,1214,1136,216104.95,113084.41,103020.54,83.08533256439831,0.43675509419454056,52.328468181779265,2.8433748118175384,34.3643573943662,35
2025-08-28,5589772,139499,47938.44,134529.25,2.4956116278087905,0.34364719460354554,2.806291777538026,3236,1724,1652,247519.4,145793.47,101725.93,76.48930778739184,0.5105067985166872,58.90183557329244,2.806291777538026,29.018426150121066,35
2025-08-29,4956224,125561,35822.76,102703.07,2.5334004274221664,0.28530164621180143,2.866978144620906,3154,1088,1040,226107.82,117891.11,108216.71,71.68922637920102,0.3297400126823082,52.139333349903595,2.866978144620906,34.44496153846154,35
2025-08-30,5456139,133464,44135.82,125297.20999999999,2.446125364474769,0.33069456932206437,2.8389006933597245,3000,1426,1353,305078.01,175947.47,129130.54,101.69267,0.451,57.672944044705154,2.8389006933597245,32.62070953436807,35
2025-08-31,5711312,134745,45334.08,128047.81,2.3592652616421588,0.3364435043971947,2.8245375223231615,2395,1079,1038,238354.78,114496.24,123858.54,99.52182881002088,0.4334029227557411,48.03605784620724,2.8245375223231615,43.67445086705202,35
2025-09-01,5970517,148406,44880.4,122842.42,2.485647390334874,0.30241634435265424,2.737106175524282,3757,1322,1316,296533.91,172492.17,124041.74,78.9283763641203,0.35027947830715994,58.16945859581456,2.737106175524282,34.103647416413374,36
2025-09-02,5912055,151501,49675.81,137741.77,2.5625776485502927,0.32789097101669296,2.7728137699214166,2619,1273,1283,287607.96,152559.86,135048.1,109.81594501718214,0.48988163421153114,53.04438027375875,2.7728137699214166,38.71848012470772,36
2025-09-03,6171596,160887,51907.81,144095.16,2.6068945536940524,0.3226352035900974,2.7759822654818227,3681,1452,1383,303803.33,162377.28,141426.05,82.53282531920674,0.37571312143439284,53.448156740085764,2.7759822654818227,37.532762111352135,36
2025-09-04,5484600,131181,46952.44,130968.71,2.3918061481238375,0.35792104039456935,2.7893909240925496,2756,1383,1361,282378.04,158394.37,123983.67,102.45937590711175,0.49383164005805513,56.093019839644754,2.7893909240925496,34.49848640705364,36
2025-09-05,5260372,127363,42935.99,118299.85,2.421178578245037,0.33711509622103747,2.755260796362213,2640,908,863,221288.67,122521.82,98766.85,83.82146590909092,0.3268939393939394,55.3674166869908,2.755260796362213,49.75201622247972,36
2025-09-06,6244299,143552,51853.1,141897.55,2.298928991068493,0.36121475144895226,2.7365297349628084,3845,1440,1411,332048.9,199746.55,132302.35,86.35862158647595,0.3669700910273082,60.1557632023476,2.7365297349628084,36.74918497519489,36
2025-09-07,6304089,142422,54280.65,154271.83000000002,2.259200338066293,0.38112545814551124,2.842114639378858,5009,2491,2339,376324.45,183087.68,193236.77,75.12965661808744,0.46695947294869233,48.65155054368643,2.842114639378858,23.206776400171012,36
2025-09-08,5604162,136588,49478.51,143104.78,2.437260022105,0.36224639060532404,2.892261306979535,2751,919,907,298644.18,146421.48,152222.7,108.55840785169029,0.32969829153035257,49.02874048976947,2.892261306979535,54.551830209481814,37
2025-09-09,6526543,166717,52270.93,149701.66,2.554445745626743,0.3135308936701116,2.8639563137675186,4410,2027,1974,312940.13,151560.16,161379.97,70.96148072562359,0.44761904761904764,48.431040148158694,2.8639563137675186,26.47970111448835,37
2025-09-10,5471387,135280,41299.16,114474.29,2.4724992035840274,0.3052865168539326,2.7718309524939486,2649,946,890,235893.29,141579.4,94313.89,89.049939599849,0.33597583993959984,60.01840917136727,2.7718309524939486,46.40355056179776,37
2025-09-11,5333917,131211,44007.87,126456.73,2.4599370406401153,0.3353977181791161,2.8735026257803433,2545,1382,1407,266395.31,133847.87,132547.44,104.67399214145382,0.5528487229862475,50.244078996736086,2.8735026257803433,31.277803837953094,37
2025-09-12,5769167,143018,45575.9,129264.66,2.479006067947071,0.3186724747933827,2.836250298951858,2624,966,894,263461.73,146803.98,116657.75,100.40462271341462,0.3407012195121951,55.72117817642813,2.836250298951858,50.97975391498882,37
